{
  "project_info": {
    "project_number": "632170131494",
    "firebase_url": "https://eatit2-cd233.firebaseio.com",
    "project_id": "eatit2-cd233",
    "storage_bucket": "eatit2-cd233.appspot.com"
  },
  "client": [
    {
      "client_info": {
        "mobilesdk_app_id": "1:632170131494:android:c42d8c12739b7a67a8b6e7",
        "android_client_info": {
          "package_name": "com.daksh.kuro.eatit"
        }
      },
      "oauth_client": [
        {
          "client_id": "632170131494-j82b57rh1lfrt6c2dfvrf0b8ki1h6h1c.apps.googleusercontent.com",
          "client_type": 1,
          "android_info": {
            "package_name": "com.daksh.kuro.eatit",
            "certificate_hash": "4805aec0d97a23796da49b5b59246bde8c1f800f"
          }
        },
        {
          "client_id": "632170131494-vjaa9vvh30l00vpequu9vita775pt5jv.apps.googleusercontent.com",
          "client_type": 3
        }
      ],
      "api_key": [
        {
          "current_key": "AIzaSyB6yY8Pv40DJmzV83WmGnZdkoe6JDOHn1E"
        }
      ],
      "services": {
        "appinvite_service": {
          "other_platform_oauth_client": [
            {
              "client_id": "632170131494-vjaa9vvh30l00vpequu9vita775pt5jv.apps.googleusercontent.com",
              "client_type": 3
            }
          ]
        }
      }
    }
  ],
  "configuration_version": "1"
}